name	tn	fp	fn	tp	acc	fpr	tpr	auc_roc	auc_pr	errors
eval_results/eval_data/dbaasp/activity/moi/strain/staphylococcusaureusatcc25923_	45	351	90	898	0.6813583815028902	0.8863636363636364	0.9089068825910931	0.6130280538175275	0.7688375161533618	52
eval_results/eval_data/dbaasp/activity/moi/species/escherichiacoli_	172	783	113	2592	0.7551912568306011	0.8198952879581152	0.9582255083179297	0.6538874103608792	0.8038224671087617	104
eval_results/eval_data/dbaasp/activity/moi/species/staphylococcusaureus_	152	923	151	2125	0.6794986571172784	0.8586046511627907	0.9336555360281195	0.6063808394980995	0.7307813807401604	89
eval_results/eval_data/dbaasp/activity/moi/strain/escherichiacoliatcc25922_	66	404	82	1530	0.7665706051873199	0.8595744680851064	0.9491315136476427	0.6331377699171111	0.8273145262050474	75
eval_results/eval_data/dbaasp/activity/	171	621	230	3704	0.8199322894625476	0.7840909090909091	0.9415353329944077	0.7067736657371889	0.9000292501946547	128
