distinguished	all	score	auc_pr	auc_roc
2	50	0.15556442054999992	0.6033887580650021	0.6304000000000001
