distinguished	all	score	auc_pr	auc_roc
429	3936	0.2116677800266763	0.7356481332913953	0.7165690683259031
